City_ID,City,Country,Lat,Lng,Max Temp,Humidity,Cloudiness,Wind Speed,Current Description
0,Muskegon,US,43.3,-86.1334,27.0,68,90,17.27,overcast clouds
1,Jamestown,US,42.097,-79.2353,21.99,73,90,17.27,light snow
2,Faya,SA,18.3851,42.4509,55.4,82,0,5.75,clear sky
3,Ushuaia,AR,-54.8,-68.3,59.0,41,40,4.61,scattered clouds
4,Hermanus,ZA,-34.4187,19.2345,66.99,77,2,4.0,clear sky
5,Punta Arenas,CL,-53.15,-70.9167,60.8,44,0,20.71,clear sky
6,Kuryk,KZ,43.2,51.65,28.76,85,58,17.74,broken clouds
7,West Bay,KY,19.3667,-81.4167,79.0,78,75,14.97,broken clouds
8,Puerto Colombia,CO,10.9878,-74.9547,86.0,66,20,14.97,few clouds
9,Valdivia,CL,-39.8142,-73.2459,89.6,33,0,9.22,clear sky
10,Cape Town,ZA,-33.9258,18.4232,66.99,77,0,17.27,clear sky
11,Roald,NO,62.5833,6.1333,41.0,52,40,13.8,scattered clouds
12,Pasni,PK,25.2631,63.471,69.33,83,0,5.17,clear sky
13,Camocim,BR,-2.9022,-40.8411,80.53,79,100,10.71,moderate rain
14,Busselton,AU,-33.65,115.3333,64.0,89,12,1.01,few clouds
15,Dolores,AR,-36.3132,-57.6792,89.62,29,0,16.82,clear sky
16,Saint-Philippe,RE,-21.3585,55.7679,82.4,69,90,3.44,overcast clouds
17,Port Alfred,ZA,-33.5906,26.891,69.01,81,83,1.01,broken clouds
18,Cambridge,CA,43.3601,-80.3127,23.0,68,90,18.41,light snow
19,Ponta Do Sol,PT,32.6667,-17.1,61.0,68,33,1.99,scattered clouds
20,Alto Araguaia,BR,-17.3147,-53.2153,83.64,57,66,4.72,broken clouds
21,Comodoro Rivadavia,AR,-45.8667,-67.5,89.6,27,75,17.27,broken clouds
22,Eyl,SO,7.9803,49.8164,76.14,77,94,18.05,overcast clouds
23,Rawson,AR,-43.3002,-65.1023,87.69,23,0,18.25,clear sky
24,Vrede,ZA,-27.4257,29.1659,61.84,79,22,6.89,few clouds
25,Dikson,RU,73.5069,80.5464,-7.73,92,100,6.69,overcast clouds
26,Tromso,NO,69.6496,18.957,21.2,49,75,3.44,broken clouds
27,Tandil,AR,-37.3217,-59.1332,95.0,22,0,4.0,clear sky
28,Ancud,CL,-41.8697,-73.8203,67.84,65,100,8.39,overcast clouds
29,Mao,ES,39.8885,4.2658,55.4,82,75,13.8,broken clouds
30,Cidreira,BR,-30.1811,-50.2056,75.02,73,77,12.39,broken clouds
31,Oksfjord,NO,70.2396,22.3479,23.0,74,40,19.57,scattered clouds
32,Mar Del Plata,AR,-38.0023,-57.5575,77.0,78,20,16.11,few clouds
33,Saldanha,ZA,-33.0117,17.9442,66.2,68,0,8.05,clear sky
34,Nantucket,US,41.2835,-70.0995,35.6,69,40,13.8,scattered clouds
35,Bredasdorp,ZA,-34.5322,20.0403,66.2,72,30,9.22,scattered clouds
36,San Cristobal,VE,7.7669,-72.225,86.0,54,40,9.22,scattered clouds
37,Crestview,US,30.7621,-86.5705,71.01,49,1,8.05,clear sky
38,Chuy,UY,-33.6971,-53.4616,76.19,60,0,12.28,clear sky
39,Sebina,BW,-20.8667,27.25,75.2,73,40,8.05,light rain
40,Zemio,CF,5.0314,25.1361,72.64,27,88,4.45,overcast clouds
41,Puerto Madryn,AR,-42.7692,-65.0385,86.02,26,0,20.67,clear sky
42,Gwadar,PK,25.1216,62.3254,69.19,77,0,5.32,clear sky
43,Hun,LY,29.1268,15.9477,51.8,49,0,7.25,clear sky
44,San Luis,AR,-33.295,-66.3356,91.26,17,0,6.58,clear sky
45,Kaura Namoda,NG,12.5898,6.5779,70.47,21,0,10.92,clear sky
46,Zitsa,GR,39.6943,20.6372,39.2,75,100,1.14,overcast clouds
47,Awjilah,LY,29.1081,21.2869,46.2,56,0,5.26,clear sky
48,Henties Bay,NA,-22.116,14.2845,69.01,84,55,3.0,broken clouds
49,Qaanaaq,GL,77.484,-69.3632,29.8,86,100,13.29,overcast clouds
50,Harper,LR,4.375,-7.7169,79.43,79,22,4.18,few clouds
51,Ribeira Grande,PT,38.5167,-28.7,62.6,94,75,18.41,broken clouds
52,Krasnoarmeysk,RU,51.0239,45.6969,-8.39,91,17,9.46,few clouds
53,Beboto,TD,8.2668,16.939,77.63,18,91,4.52,overcast clouds
54,Nanortalik,GL,60.1432,-45.2371,26.74,91,100,10.92,overcast clouds
55,Gaoual,GN,11.75,-13.2,82.4,14,37,3.56,scattered clouds
56,Lagoa,PT,39.05,-27.9833,61.36,90,0,22.3,clear sky
57,Namibe,AO,-15.1961,12.1522,72.81,74,98,10.02,overcast clouds
58,Souillac,MU,-20.5167,57.5167,78.8,94,40,4.61,moderate rain
59,Conceicao Do Araguaia,BR,-8.2578,-49.2647,79.61,85,100,4.74,moderate rain
60,Narsaq,GL,60.9167,-46.05,39.2,26,75,27.63,broken clouds
61,Ati,TD,13.2154,18.3353,70.11,21,0,14.85,clear sky
62,Laguna,US,38.421,-121.4238,62.01,23,1,4.61,clear sky
63,Gat,IL,31.61,34.7642,53.01,100,1,8.84,clear sky
64,Salinas,US,36.6777,-121.6555,66.0,24,1,3.44,clear sky
65,Placido De Castro,BR,-10.3353,-67.1856,85.91,52,94,1.79,overcast clouds
66,Voskresenskoye,RU,56.8381,45.4317,10.94,96,100,6.17,overcast clouds
67,Torbay,CA,47.6666,-52.7314,28.0,74,90,28.77,overcast clouds
68,Yenagoa,NG,4.9247,6.2642,79.02,82,7,6.6,clear sky
69,Mahebourg,MU,-20.4081,57.7,78.8,94,40,4.61,light rain
70,Andra,RU,62.5147,65.8878,-2.61,89,100,9.01,overcast clouds
71,Mahibadhoo,MV,3.7833,72.9667,81.66,72,0,9.93,clear sky
72,Castro,BR,-24.7911,-50.0119,69.04,89,100,2.08,moderate rain
73,Castel Volturno,IT,41.0149,13.9462,57.0,100,40,15.37,scattered clouds
74,Codrington,AU,-38.2667,141.9667,50.85,82,100,8.43,overcast clouds
75,Edd,ER,13.9297,41.6925,75.7,62,0,10.13,clear sky
76,Husavik,IS,66.0449,-17.3389,30.2,100,90,9.22,light snow
77,Amapa,BR,1.0,-52.0,72.36,98,100,3.56,heavy intensity rain
78,Nortelandia,BR,-14.4547,-56.8028,85.21,73,93,3.24,moderate rain
79,Sorland,NO,67.667,12.6934,32.0,74,75,16.11,broken clouds
80,Taoudenni,ML,22.6783,-3.9836,69.87,20,72,11.03,broken clouds
81,Luderitz,NA,-26.6481,15.1594,69.12,72,97,9.57,overcast clouds
82,Sao Joao Da Barra,BR,-21.6403,-41.0511,84.2,58,0,19.57,clear sky
83,Upernavik,GL,72.7868,-56.1549,31.08,96,100,8.52,light snow
84,Saint-Leu,RE,-21.15,55.2833,82.4,69,90,3.44,moderate rain
85,Arraial Do Cabo,BR,-22.9661,-42.0278,86.0,69,0,19.57,clear sky
86,Havelock,US,34.8791,-76.9013,57.2,33,1,16.11,clear sky
87,Hadejia,NG,12.4498,10.0444,69.91,23,0,13.33,clear sky
88,Hofn,IS,64.2539,-15.2082,32.13,88,100,27.83,overcast clouds
89,Kruisfontein,ZA,-34.0033,24.7314,68.0,77,17,4.0,few clouds
90,Georgetown,MY,5.4112,100.3354,77.0,88,20,2.3,few clouds
91,Turayf,SA,31.6725,38.6637,35.6,100,0,11.5,clear sky
92,Monrovia,LR,6.3005,-10.7969,80.6,89,40,7.94,scattered clouds
93,Buraydah,SA,26.326,43.975,55.4,54,0,10.36,clear sky
94,Bambous Virieux,MU,-20.3428,57.7575,81.0,94,40,4.61,light rain
95,East London,ZA,-33.0153,27.9116,70.9,75,100,12.41,overcast clouds
96,Braniewo,PL,54.3797,19.8196,36.3,91,100,16.22,overcast clouds
97,Parfenyevo,RU,58.484,43.4088,4.69,95,97,5.5,overcast clouds
98,Marfino,RU,55.7028,37.3822,12.2,85,0,8.95,clear sky
99,Krosno Odrzanskie,PL,52.0549,15.0988,42.01,70,0,10.36,clear sky
100,Tunceli,TR,39.1083,39.5471,21.2,68,0,5.75,clear sky
101,Carnarvon,AU,-24.8667,113.6333,77.0,94,40,14.97,scattered clouds
102,Victoria,HK,22.2855,114.1577,64.99,80,100,11.34,overcast clouds
103,Raudeberg,NO,61.9875,5.1352,39.99,66,100,12.15,overcast clouds
104,Porto Novo,BJ,6.4965,2.6036,82.4,89,20,8.05,few clouds
105,Berani,PK,25.785,68.8069,51.8,71,0,2.35,smoke
106,Los Llanos De Aridane,ES,28.6585,-17.9182,64.4,72,75,6.91,broken clouds
107,Xai-Xai,MZ,-25.0519,33.6442,77.79,79,41,10.89,scattered clouds
108,Cacoal,BR,-11.4386,-61.4472,72.93,95,100,3.71,overcast clouds
109,Hithadhoo,MV,-0.6,73.0833,81.84,73,75,10.8,broken clouds
110,Marabba,SD,12.35,32.1833,70.72,21,0,16.51,clear sky
111,Sao Felix Do Xingu,BR,-6.6447,-51.995,72.97,93,100,1.9,light rain
112,Nansio,TZ,-2.1333,33.05,69.8,83,75,5.53,broken clouds
113,Rafaela,AR,-31.2503,-61.4867,90.0,17,12,8.01,few clouds
114,Dabat,ET,12.9842,37.765,50.14,56,3,4.03,clear sky
115,Adre,TD,13.4667,22.2,62.94,26,0,19.95,clear sky
116,Rio Gallegos,AR,-51.6226,-69.2181,66.2,39,40,23.02,scattered clouds
117,Iqaluit,CA,63.7506,-68.5145,5.0,72,75,20.71,snow
118,Lagunas,PE,-5.2269,-75.6753,73.45,96,99,3.51,light rain
119,Malinovoye Ozero,RU,51.6753,79.7825,22.53,98,100,7.45,overcast clouds
120,Paita,PE,-5.0892,-81.1144,82.4,54,40,14.97,scattered clouds
121,Basavakalyan,IN,17.8667,76.95,69.67,47,0,0.51,clear sky
122,Dingle,PH,10.9995,122.6711,74.91,91,98,2.51,light rain
123,Toamasina,MG,-18.1667,49.3833,82.4,89,40,5.75,light rain
124,Ibicarai,BR,-14.865,-39.5875,84.2,65,40,8.05,scattered clouds
125,Longyearbyen,SJ,78.2186,15.6401,15.8,62,20,21.85,few clouds
126,San Antero,CO,9.3741,-75.7589,86.58,57,42,10.38,scattered clouds
127,Belz,FR,47.6751,-3.168,52.0,100,99,31.27,overcast clouds
128,Sergeyevka,KZ,53.88,67.4158,-2.88,91,80,14.41,broken clouds
129,Touros,BR,-5.1989,-35.4608,82.4,74,40,17.27,scattered clouds
130,Rypefjord,NO,70.6333,23.6667,17.6,67,0,13.8,clear sky
131,Rodrigues Alves,BR,-7.738,-72.6509,78.8,89,75,8.05,broken clouds
132,Tarko-Sale,RU,64.9225,77.785,-29.72,85,11,5.7,few clouds
133,San Pedro,PH,14.35,121.0167,77.0,94,90,1.14,moderate rain
134,Awbari,LY,26.5921,12.7805,48.22,52,0,7.23,clear sky
135,Kidal,ML,18.4411,1.4078,66.65,22,73,11.18,broken clouds
136,Inirida,CO,3.8653,-67.9239,83.57,79,83,1.99,moderate rain
137,Vila Velha,BR,-20.3297,-40.2925,86.0,58,40,13.8,scattered clouds
138,Jijiga,ET,9.35,42.8,60.89,33,4,6.87,clear sky
139,Port-Gentil,GA,-0.7193,8.7815,80.6,83,20,4.61,few clouds
140,San Carlos,VE,9.6612,-68.5827,89.44,43,98,0.98,overcast clouds
141,Porto Santo,PT,33.072,-16.3415,62.6,82,40,10.36,scattered clouds
142,North Port,US,27.0442,-82.2359,75.0,49,62,7.25,broken clouds
143,Bolobo,CD,-2.1667,16.2333,74.5,81,66,2.46,broken clouds
144,Salo,IT,45.6086,10.531,37.99,100,90,2.3,drizzle
145,Fern Creek,US,38.1598,-85.5877,41.0,38,1,10.36,clear sky
146,Revda,RU,56.801,59.9303,-0.4,78,40,13.42,light snow
147,Khudumelapye,BW,-23.8833,24.75,78.78,34,100,2.55,overcast clouds
148,Tulum,MX,20.2167,-87.4667,80.6,61,20,10.36,light rain
149,Tiznit,MA,29.5833,-9.5,55.24,63,1,4.59,clear sky
150,Dombasle-Sur-Meurthe,FR,48.6252,6.3497,51.8,58,0,18.41,clear sky
151,Richards Bay,ZA,-28.783,32.0377,72.86,85,44,8.19,scattered clouds
152,Gap,FR,44.6667,6.0,25.05,98,100,7.25,overcast clouds
153,Nalut,LY,30.3333,10.85,49.53,48,32,9.62,scattered clouds
154,Antsohihy,MG,-14.8796,47.9875,74.26,93,100,7.0,light rain
155,Ilulissat,GL,69.2167,-51.1,24.8,68,75,1.14,broken clouds
156,Port Elizabeth,ZA,-33.918,25.5701,68.0,77,6,4.0,clear sky
157,Lumeje,AO,-11.55,20.7833,73.54,66,100,3.51,overcast clouds
158,Kharp,RU,66.8014,65.8081,-15.36,86,100,10.2,overcast clouds
159,Uzhur,RU,55.3036,89.8339,-20.06,86,1,4.79,clear sky
160,Outjo,NA,-20.1167,16.15,68.14,82,100,12.82,moderate rain
161,Clyde River,CA,70.4692,-68.5914,6.8,92,75,5.75,broken clouds
162,Maniwaki,CA,46.3834,-75.966,10.4,61,79,5.75,broken clouds
163,Bandarbeyla,SO,9.4942,50.8122,74.61,80,90,19.04,overcast clouds
164,Goias,BR,-15.5807,-49.6362,83.55,60,19,4.99,few clouds
165,Mednogorsk,RU,51.4128,57.595,-6.2,92,97,6.04,overcast clouds
166,Orodara,BF,10.9492,-4.9342,77.0,33,0,5.75,clear sky
167,Arlit,NE,18.7369,7.3853,65.66,24,0,8.55,clear sky
168,Vallenar,CL,-28.5708,-70.7581,85.64,23,0,11.3,clear sky
169,Yar-Sale,RU,66.8333,70.8333,-22.83,87,100,12.01,overcast clouds
170,Canto Do Buriti,BR,-8.11,-42.9444,85.66,55,93,4.16,overcast clouds
171,Kinsale,IE,51.7075,-8.5306,37.4,87,40,10.36,scattered clouds
172,Sirjan,IR,29.452,55.6814,48.2,44,0,12.41,clear sky
173,Tamale,GH,9.4008,-0.8393,84.54,14,0,6.58,clear sky
174,Bahia Honda,CU,22.9036,-83.1592,74.55,67,5,13.49,clear sky
175,Huarmey,PE,-10.0681,-78.1522,76.55,67,98,11.5,overcast clouds
176,Bell Ville,AR,-32.6259,-62.6887,98.42,12,0,11.34,clear sky
177,Bakchar,RU,57.0186,82.0711,-16.06,87,100,6.04,overcast clouds
178,Royan,FR,45.6285,-1.0281,53.6,62,100,19.57,overcast clouds
179,Moose Factory,CA,51.2585,-80.6094,-2.2,71,20,14.97,few clouds
180,Oistins,BB,13.0667,-59.5333,77.0,78,40,16.11,scattered clouds
181,Saint Anthony,US,45.0205,-93.218,37.0,60,1,9.22,clear sky
182,Svetlyy,RU,54.675,20.1347,37.4,87,75,6.71,broken clouds
183,Qaqortoq,GL,60.7167,-46.0333,39.2,26,75,27.63,broken clouds
184,Razdolnoye,RU,43.55,131.9167,19.4,79,20,2.24,few clouds
185,Beira,MZ,-19.8436,34.8389,84.2,84,20,9.22,moderate rain
186,San,ML,13.3034,-4.8956,79.79,16,0,11.41,clear sky
187,Canutama,BR,-6.5339,-64.3831,78.69,92,81,1.95,light rain
188,Cayenne,GF,4.9333,-52.3333,82.4,74,75,10.36,broken clouds
189,Arrifes,PT,37.7667,-25.7,63.0,100,75,18.41,mist
190,Murgab,TM,37.4966,61.9714,42.8,65,100,4.61,overcast clouds
191,Colares,PT,38.7992,-9.4469,57.99,88,75,14.97,broken clouds
192,Adrar,MR,20.5022,-10.0711,68.79,20,100,10.76,overcast clouds
193,Albion,US,42.2431,-84.753,23.0,68,40,10.36,scattered clouds
194,Inhambane,MZ,-23.865,35.3833,78.49,87,70,11.27,light rain
195,Vila Franca Do Campo,PT,37.7167,-25.4333,63.0,100,75,18.41,mist
196,Saint-Pierre,RE,-21.3393,55.4781,82.4,69,90,3.44,light rain
197,Benguela,AO,-12.5763,13.4055,76.1,74,30,7.58,scattered clouds
198,Natal,BR,-5.795,-35.2094,84.2,70,40,16.11,scattered clouds
199,Boa Vista,BR,2.8197,-60.6733,89.6,40,75,12.66,broken clouds
200,The Valley,AI,18.217,-63.0578,80.6,65,20,13.8,few clouds
201,Muisne,EC,0.6,-80.0333,80.6,89,75,11.5,light rain
202,Mangan,IN,27.5167,88.5333,49.75,48,75,4.0,broken clouds
203,Nargana,PA,9.4428,-78.5906,81.18,76,58,17.98,light rain
204,Paamiut,GL,61.994,-49.6678,28.62,85,93,5.3,overcast clouds
205,Bud,US,39.447,-86.1758,36.0,54,0,11.27,clear sky
206,Polovinnoye,RU,54.7914,65.9864,1.11,93,99,14.2,overcast clouds
207,Lusambo,CD,-4.9667,23.45,73.31,85,100,1.83,overcast clouds
208,Tasiilaq,GL,65.6145,-37.6368,10.4,72,20,3.44,few clouds
209,Mogadishu,SO,2.0371,45.3438,79.12,81,100,21.9,overcast clouds
210,Puerto Quijarro,BO,-17.7833,-57.7667,92.05,46,88,2.19,light rain
211,Bohdan,UA,48.0412,24.3522,32.31,94,96,4.43,light snow
212,Lebu,CL,-37.6167,-73.65,63.91,69,0,21.07,clear sky
213,Barentu,ER,15.1139,37.5928,57.56,96,0,3.24,clear sky
214,Kutum,SD,14.2,24.6667,51.55,40,0,15.21,clear sky
215,Firozpur,IN,30.9167,74.6,53.6,82,0,8.05,smoke
216,Sinnamary,GF,5.3833,-52.95,80.55,73,79,10.04,broken clouds
217,Niamey,NE,13.5137,2.1098,78.8,12,0,4.61,clear sky
218,Conneaut,US,41.9476,-80.5542,24.01,63,90,14.97,overcast clouds
219,Tripoli,LY,32.8752,13.1875,58.23,49,0,8.19,clear sky
220,Salalah,OM,17.0151,54.0924,71.6,35,0,3.44,clear sky
221,Agirish,RU,61.9247,63.0231,-0.78,93,100,4.61,light snow
222,Taltal,CL,-25.4,-70.4833,70.92,58,22,7.76,few clouds
223,Ostersund,SE,63.1792,14.6357,23.0,100,90,13.8,snow
224,Saint George,US,37.1041,-113.5841,55.4,38,1,8.05,clear sky
225,Gnjilane,XK,42.4604,21.4699,35.01,74,75,1.74,broken clouds
226,Opuwo,NA,-18.0607,13.84,70.95,58,100,12.01,overcast clouds
227,Aswan,EG,24.0934,32.907,54.39,41,0,15.03,clear sky
228,Quatre Cocos,MU,-20.2078,57.7625,81.0,94,40,4.61,moderate rain
229,Sao Filipe,CV,14.8961,-24.4956,72.01,70,82,7.96,broken clouds
230,Korycany,CZ,49.1064,17.1643,37.99,81,0,5.75,clear sky
231,Puerto El Triunfo,SV,13.2833,-88.55,96.8,32,20,5.75,few clouds
232,Sharlyk,RU,52.9167,54.75,-5.08,91,99,6.17,overcast clouds
233,Padang,ID,-0.9492,100.3543,73.4,88,90,2.3,overcast clouds
234,Bengkulu,ID,-3.8004,102.2655,77.07,80,100,5.26,overcast clouds
235,Fuengirola,ES,36.54,-4.6247,55.4,94,40,2.3,scattered clouds
236,Briancon,FR,44.9,6.65,36.0,53,92,1.01,overcast clouds
237,Buena Vista,US,43.4203,-83.8986,25.0,74,90,12.66,overcast clouds
238,Saint Stephen,GB,50.3333,-4.9,41.0,93,90,24.16,drizzle
239,Mahon,ES,39.8885,4.2658,55.4,82,75,13.8,broken clouds
240,Chake Chake,TZ,-5.2459,39.7666,79.68,77,100,12.53,overcast clouds
241,Velikodvorskiy,RU,55.25,40.6678,10.11,96,98,6.91,overcast clouds
242,Abapo,BO,-18.8333,-63.4667,87.94,26,27,8.16,scattered clouds
243,Andenes,NO,69.3143,16.1194,25.0,80,75,21.85,light snow
244,Muromtsevo,RU,56.3724,75.2418,-4.27,91,100,10.67,light snow
245,Nuuk,GL,64.1835,-51.7216,26.6,86,20,6.91,few clouds
246,Yarada,IN,17.65,83.2667,69.8,100,0,2.3,mist
247,Funtua,NG,11.5233,7.3081,66.56,25,0,10.69,clear sky
248,Senneterre,CA,48.3835,-77.2328,-0.4,71,20,9.22,few clouds
249,Saint-Joseph,RE,-21.3667,55.6167,82.4,69,90,3.44,overcast clouds
250,Umea,SE,63.8284,20.2597,17.6,100,90,4.61,overcast clouds
251,Nara,JP,34.6851,135.8049,34.0,93,0,3.44,clear sky
252,Saint-Augustin,CA,51.226,-58.6502,11.19,86,100,14.97,overcast clouds
253,Zhezkazgan,KZ,47.8043,67.7144,13.6,93,100,3.91,overcast clouds
254,Beyneu,KZ,45.3167,55.2,24.8,85,100,5.55,overcast clouds
255,Jacqueville,CI,5.2052,-4.4146,80.6,83,40,4.61,scattered clouds
256,Hambantota,LK,6.1241,81.1185,77.25,87,2,8.59,clear sky
257,Grootfontein,NA,-19.5667,18.1167,66.2,100,100,3.44,moderate rain
258,Tocopilla,CL,-22.092,-70.1979,73.53,51,25,9.01,scattered clouds
259,Pathanamthitta,IN,9.2667,76.7833,73.71,85,0,1.61,clear sky
260,Chingirlau,KZ,51.095,54.0814,-3.23,93,52,5.01,broken clouds
261,Luanda,AO,-8.8368,13.2343,78.8,78,40,10.36,scattered clouds
262,Poshekhonye,RU,58.4993,39.1353,10.71,96,99,6.22,overcast clouds
263,La Asuncion,VE,11.0333,-63.8628,79.5,71,100,14.65,overcast clouds
264,Puerto Ayora,EC,-0.7393,-90.3518,86.0,62,20,11.5,light rain
265,Ocala,US,29.1872,-82.1401,73.0,24,1,4.61,clear sky
266,Pitimbu,BR,-7.4706,-34.8086,82.4,74,75,11.5,broken clouds
267,Ambilobe,MG,-13.2,49.05,74.1,93,99,0.83,light rain
268,Guanica,PR,17.9716,-66.908,82.99,59,100,5.01,overcast clouds
269,Alice Town,BS,25.7167,-79.3,70.11,61,10,14.61,clear sky
270,Rocha,UY,-34.4833,-54.3333,79.36,48,0,12.44,clear sky
271,Ciudad Bolivar,VE,8.1222,-63.5497,90.72,36,55,8.81,broken clouds
272,Krasnoselkup,RU,65.7,82.4667,-38.04,82,0,2.26,clear sky
273,Ostrovnoy,RU,68.0531,39.5131,12.38,92,100,10.76,overcast clouds
274,Caravelas,BR,-17.7125,-39.2481,80.69,65,0,7.47,clear sky
275,Shelburne,CA,44.0787,-80.2041,21.0,78,100,7.72,overcast clouds
276,Kemijarvi,FI,66.7131,27.4306,7.84,94,100,6.17,overcast clouds
277,Malko Tarnovo,BG,41.9833,27.5333,33.8,75,0,8.05,clear sky
278,Umm Kaddadah,SD,13.6017,26.6876,59.65,31,0,17.18,clear sky
279,Trinidad,BO,-14.8333,-64.9,87.8,55,75,6.91,broken clouds
280,Iquitos,PE,-3.7481,-73.2472,84.2,74,75,3.44,broken clouds
281,Viedma,AR,-40.8135,-62.9967,92.1,26,0,19.3,clear sky
282,Klaksvik,FO,62.2266,-6.589,37.4,75,20,28.77,few clouds
283,Korla,CN,41.7597,86.1469,20.41,84,0,2.35,clear sky
284,Kushmurun,KZ,52.4503,64.6311,-6.48,89,0,11.45,clear sky
285,Cheremukhovo,RU,60.3484,59.9851,-2.49,93,100,1.16,light snow
286,Bathsheba,BB,13.2167,-59.5167,77.0,78,40,16.11,scattered clouds
287,Aktash,RU,50.3,87.7333,9.55,92,100,5.08,overcast clouds
288,Vestmannaeyjar,IS,63.4427,-20.2734,29.95,87,99,19.35,overcast clouds
289,Muscat,OM,23.6139,58.5922,66.2,77,0,2.55,clear sky
290,Tabuk,PH,17.4189,121.4443,72.07,93,100,3.02,moderate rain
291,Gidole,ET,5.65,37.3667,65.21,37,90,1.63,overcast clouds
292,Kourou,GF,5.1552,-52.6478,82.4,74,75,10.36,broken clouds
293,Muros,ES,42.7762,-9.0603,55.99,88,61,7.0,broken clouds
294,Grindavik,IS,63.8424,-22.4338,28.4,74,75,25.32,broken clouds
295,Berlevag,NO,70.8578,29.0864,21.2,79,75,16.11,light snow
296,Skole,UA,49.0372,23.5135,36.0,81,81,13.0,broken clouds
297,Bara,NG,10.3744,10.7288,72.27,24,0,9.73,clear sky
298,Matagami,CA,49.7502,-77.6328,-2.2,65,1,9.22,clear sky
299,Trelew,AR,-43.249,-65.3051,95.76,13,0,12.55,clear sky
300,Ishim,RU,56.1128,69.4902,6.04,94,100,13.58,overcast clouds
301,Nouadhibou,MR,20.931,-17.0347,68.0,40,100,14.97,overcast clouds
302,Abu Samrah,SY,35.3029,37.1841,37.62,75,0,8.34,clear sky
303,Wageningen,NL,51.9667,5.6667,51.01,66,90,16.11,overcast clouds
304,Abu Kamal,SY,34.4506,40.9171,43.05,63,0,23.38,clear sky
305,Itarema,BR,-2.9248,-39.9167,82.09,71,98,14.97,overcast clouds
306,Zychlin,PL,52.244,19.6261,37.99,75,0,4.61,clear sky
307,Brae,GB,60.3964,-1.353,41.0,70,75,31.07,broken clouds
308,Saint-Georges,GD,12.0564,-61.7485,82.4,69,20,17.27,few clouds
309,Coruripe,BR,-10.1256,-36.1756,80.38,70,100,13.73,overcast clouds
310,Porbandar,IN,21.6422,69.6093,64.76,52,0,7.18,clear sky
311,Alta Floresta,BR,-9.8756,-56.0861,79.7,90,95,1.45,overcast clouds
312,Geraldton,AU,-28.7667,114.6,75.2,78,90,17.27,overcast clouds
313,Sicuani,PE,-14.2694,-71.2261,56.25,60,86,2.8,light rain
314,Zabid,YE,14.1951,43.3152,77.56,57,0,4.14,clear sky
315,Kharan,PK,28.5833,65.4167,56.93,36,0,2.64,clear sky
316,Hobyo,SO,5.3505,48.5268,78.21,81,100,21.79,overcast clouds
317,Pskov,RU,57.8136,28.3496,15.8,79,75,8.95,broken clouds
318,Meulaboh,ID,4.1363,96.1285,76.1,89,99,4.18,overcast clouds
319,Humenne,SK,48.9371,21.9163,30.0,92,100,4.0,overcast clouds
320,Qandala,SO,11.472,49.8728,73.04,68,11,2.26,few clouds
321,Lima,PE,-12.0432,-77.0282,78.01,69,0,12.66,clear sky
322,Lieksa,FI,63.3167,30.0167,13.59,96,100,10.16,light snow
323,Gornopravdinsk,RU,60.05,69.9,-6.21,91,100,9.8,light snow
324,Sayyan,YE,15.1718,44.3244,47.97,46,0,0.92,clear sky
325,Canchungo,GW,12.0672,-16.0333,80.6,44,81,2.3,broken clouds
326,Oudtshoorn,ZA,-33.5907,22.2014,64.4,88,90,10.36,overcast clouds
327,Zaqatala,AZ,41.6336,46.6433,28.4,79,98,1.97,overcast clouds
328,Salinopolis,BR,-0.6136,-47.3561,79.74,82,100,7.43,light rain
329,Doka,SD,13.5167,35.7667,73.38,49,0,15.01,clear sky
330,Kasrawad,IN,22.1333,75.6,66.96,34,0,4.5,clear sky
331,Sortland,NO,68.6949,15.4162,24.8,63,75,12.66,light snow
332,Abonnema,NG,4.7084,6.7931,73.4,78,9,8.5,haze
333,Quelimane,MZ,-17.8786,36.8883,86.0,79,20,5.75,few clouds
334,Pinheiro Machado,BR,-31.5783,-53.3811,73.99,62,0,21.0,clear sky
335,Nouakchott,MR,18.0858,-15.9785,77.0,9,100,9.22,overcast clouds
336,Pisco,PE,-13.7,-76.2167,77.0,65,0,21.85,clear sky
337,Visby,SE,57.6409,18.296,39.99,93,90,11.5,overcast clouds
338,Honningsvag,NO,70.9821,25.9704,23.0,58,40,12.66,light snow
339,Tyumentsevo,RU,53.3224,81.498,9.09,96,100,6.49,light snow
340,Koster,ZA,-25.863,26.8976,75.31,44,92,8.34,overcast clouds
341,Kanye,BW,-24.9667,25.3327,74.39,35,88,2.46,overcast clouds
342,Kabinda,CD,-6.1333,24.4833,68.65,93,100,1.52,overcast clouds
343,Butzow,DE,53.85,11.9833,48.0,70,75,11.5,light rain
344,Bogandinskiy,RU,56.8937,65.8938,-0.4,85,90,2.55,light snow
345,Talnakh,RU,69.4865,88.3972,-38.25,80,88,0.96,overcast clouds
346,Sao Domingos Do Prata,BR,-19.865,-42.9683,78.33,67,3,4.27,clear sky
347,Marsa Matruh,EG,31.3525,27.2453,53.6,62,40,6.91,scattered clouds
348,Sept-Iles,CA,50.2001,-66.3821,12.2,52,4,10.36,clear sky
349,Kardla,EE,58.9978,22.7492,21.0,86,100,10.0,light snow
350,Fort Myers Beach,US,26.452,-81.9481,75.99,46,1,8.05,clear sky
351,Guder,ET,8.9667,37.7667,60.96,39,100,5.91,overcast clouds
352,Makinsk,KZ,52.6292,70.4169,-3.17,92,90,13.67,overcast clouds
353,Behbahan,IR,30.5959,50.2417,55.4,38,75,1.79,broken clouds
354,Ibicui,BR,-14.8417,-39.9867,77.4,72,13,5.03,few clouds
355,Gamba,GA,-2.65,10.0,77.99,85,100,2.89,light rain
356,New Kensington,US,40.5698,-79.7648,28.0,67,100,5.01,overcast clouds
357,Ambovombe,MG,-25.1667,46.0833,77.14,86,0,13.47,clear sky
358,Katav-Ivanovsk,RU,54.7531,58.1956,-4.79,88,100,5.19,overcast clouds
359,Marsh Harbour,BS,26.5412,-77.0636,70.2,61,82,14.83,broken clouds
360,Poykovskiy,RU,61.2333,73.3333,-18.4,76,0,8.95,clear sky
361,Vologda,RU,59.2187,39.8886,8.92,95,89,6.13,light snow
362,Santiago Del Estero,AR,-27.7951,-64.2615,93.0,30,0,5.99,clear sky
363,Ayna,PE,-12.65,-73.9167,71.6,43,75,4.61,light rain
364,Sassandra,CI,4.95,-6.0833,78.66,83,0,5.77,clear sky
365,Najran,SA,17.4924,44.1277,62.6,22,0,4.61,clear sky
366,Bulawayo,ZW,-20.15,28.5833,66.49,93,96,12.19,light rain
367,Acarau,BR,-2.8856,-40.12,81.86,72,88,15.21,light rain
368,Constantine,DZ,36.365,6.6147,51.8,30,0,13.8,clear sky
369,Silifke,TR,36.3778,33.9344,43.25,54,0,25.59,clear sky
370,Meiganga,CM,6.5167,14.3,69.51,23,75,6.8,broken clouds
371,Kamenka,RU,51.3223,42.7678,-6.59,92,75,6.64,broken clouds
372,Ashington,GB,50.9331,-0.3909,48.99,87,96,7.0,overcast clouds
373,Evinayong,GQ,1.4368,10.5512,69.12,96,79,3.2,broken clouds
374,Riyadh,SA,24.6877,46.7219,71.6,24,0,5.75,clear sky
375,Plouzane,FR,48.3833,-4.6167,51.8,93,90,21.85,overcast clouds
376,Hadrut,AZ,39.52,47.0318,28.04,91,100,4.14,overcast clouds
377,New Glasgow,CA,45.5834,-62.6486,24.8,58,0,14.97,clear sky
378,Virginia Beach,US,36.8529,-75.978,51.01,33,0,7.0,clear sky
379,Filadelfia,US,39.9523,-75.1638,41.0,38,75,21.85,broken clouds
380,Uspenka,UA,48.3903,39.1619,-1.19,90,0,3.22,clear sky
381,Kargil,IN,34.5667,76.1,-7.78,72,0,1.99,clear sky
382,Pangnirtung,CA,66.1451,-65.7125,19.4,93,40,9.22,scattered clouds
383,Mungwi,ZM,-10.1732,31.3694,64.47,94,100,3.0,light rain
384,Amapala,HN,13.2922,-87.6539,96.8,58,20,3.44,few clouds
385,Nicoya,CR,10.1483,-85.452,87.8,55,40,18.41,scattered clouds
386,Chalmette,US,29.9427,-89.9634,68.0,59,1,6.91,clear sky
387,Maceio,BR,-9.6658,-35.7353,82.4,69,40,14.97,scattered clouds
388,Winchester,GB,51.0651,-1.3187,48.99,93,75,27.63,broken clouds
389,Kabalo,CD,-6.05,26.9167,70.79,94,100,1.92,overcast clouds
390,Mitsamiouli,KM,-11.3847,43.2844,81.95,77,100,9.93,light rain
391,Sanaur,IN,30.3025,76.4553,50.61,53,0,8.7,clear sky
392,Omboue,GA,-1.5746,9.2618,78.01,85,100,4.12,overcast clouds
393,Aktas,KZ,49.7789,72.9608,19.4,86,90,6.71,light snow
394,Sechura,PE,-5.5569,-80.8222,81.45,53,81,16.08,broken clouds
395,Dedovichi,RU,57.5517,29.9502,9.66,94,100,11.07,overcast clouds
396,General Roca,AR,-39.0333,-67.5833,102.2,21,20,6.91,few clouds
397,Igrim,RU,63.1906,64.4162,-1.05,93,100,7.0,light snow
398,Togur,RU,58.3631,82.8265,-22.88,86,100,5.66,overcast clouds
399,Kinrooi,BE,51.1476,5.7385,52.0,61,75,5.75,broken clouds
400,Brewster,US,41.3973,-73.6171,32.0,69,90,11.5,light snow
401,Kochinda,IN,21.7333,84.35,62.02,41,0,4.36,clear sky
402,Bathurst,AU,-33.4166,149.5806,48.99,96,0,2.71,clear sky
403,Turukhansk,RU,65.8167,87.9833,-36.4,78,0,4.9,clear sky
404,Oskemen,KZ,49.9565,82.6119,26.6,93,90,11.18,snow
405,Carutapera,BR,-1.195,-46.02,80.74,73,100,4.68,overcast clouds
406,Mongo,TD,12.1844,18.693,69.03,22,0,7.74,clear sky
407,Lagos,NG,6.5833,3.75,84.2,79,20,3.44,few clouds
408,La Rioja,ES,42.25,-2.5,48.2,71,40,4.61,scattered clouds
409,Soria,ES,41.6667,-2.6667,37.99,95,100,8.01,overcast clouds
410,Sambava,MG,-14.2667,50.1667,77.05,85,100,6.38,overcast clouds
411,Tarabuco,BO,-19.1667,-64.9167,52.39,74,96,11.01,overcast clouds
412,Sohag,EG,26.557,31.6948,53.6,50,0,10.36,clear sky
413,Kizilskoye,RU,52.7255,58.8937,-7.82,87,18,6.22,few clouds
414,Kugulta,RU,45.3636,42.3889,5.0,85,0,2.24,clear sky
415,Dalvik,IS,65.9702,-18.5286,30.2,100,90,9.22,snow
416,Karasburg,NA,-28.0167,18.75,88.56,33,52,5.39,broken clouds
417,Paulo Afonso,BR,-9.4061,-38.2147,89.6,43,75,16.11,broken clouds
418,Burriana,ES,39.889,-0.085,50.0,82,19,8.7,few clouds
419,Pittsfield,US,42.4501,-73.2454,26.01,74,90,17.27,light snow
420,Hualmay,PE,-11.0964,-77.6139,75.97,69,32,11.01,scattered clouds
421,Templin,DE,53.1186,13.5022,44.01,69,93,11.07,overcast clouds
422,Usoke,TZ,-5.1667,32.35,68.0,77,75,11.5,moderate rain
423,Saint-Agapit,CA,46.5629,-71.4352,18.0,73,75,6.91,light snow
424,Puerto Leguizamo,CO,-0.1934,-74.7819,88.11,49,92,2.62,overcast clouds
425,Salekhard,RU,66.53,66.6019,-20.24,87,100,17.34,light snow
426,Aksarka,RU,66.5606,67.7975,-19.98,87,100,12.44,overcast clouds
427,Kochevo,RU,59.5994,54.3125,-2.33,92,92,4.94,overcast clouds
428,Galbshtadt,RU,53.2264,78.9845,5.58,95,100,6.58,overcast clouds
429,Vardo,NO,70.3705,31.1107,24.8,58,75,18.41,light snow
430,Puerto Narino,CO,-3.7703,-70.3831,82.4,74,75,3.13,light rain
431,Luau,AO,-10.7073,22.2247,65.77,95,72,4.83,light rain
432,Mecca,SA,21.4267,39.8261,68.77,54,0,8.63,clear sky
433,Lamu,KE,-2.2717,40.902,78.8,83,1,6.91,clear sky
434,Tenali,IN,16.2425,80.6398,66.43,89,24,3.4,few clouds
435,Aleksandrov Gay,RU,50.147,48.5704,-5.55,91,92,6.42,overcast clouds
436,Morondava,MG,-20.2833,44.2833,84.09,75,100,5.44,light rain
437,Kamina,CD,-8.7386,24.9906,65.55,96,100,3.76,overcast clouds
438,Qazvin,IR,36.2797,50.0049,41.0,70,75,9.22,light snow
439,Olafsvik,IS,64.8945,-23.7142,26.55,91,96,33.51,overcast clouds
440,Wamba,NG,8.9333,8.6,75.85,19,0,4.25,clear sky
441,Vestmanna,FO,62.1564,-7.1664,37.4,75,20,28.77,few clouds
442,Harsud,IN,22.1,76.7333,62.01,44,0,6.31,clear sky
443,Queimadas,BR,-10.9783,-39.6264,86.58,42,80,16.46,broken clouds
444,Bridlington,GB,54.0831,-0.1919,48.99,87,100,3.0,overcast clouds
445,Dehloran,IR,32.6941,47.2679,53.11,63,97,18.54,overcast clouds
446,Springbok,ZA,-29.6643,17.8865,78.62,30,4,3.42,clear sky
447,Takoradi,GH,4.8845,-1.7554,79.84,84,84,8.25,broken clouds
448,Polyarnyy,RU,69.1989,33.4478,-7.6,84,75,2.24,light snow
449,Rolante,BR,-29.6506,-50.5758,75.0,77,70,5.01,broken clouds
450,Reconquista,AR,-29.15,-59.65,91.8,26,84,10.87,broken clouds
451,Kotlas,RU,61.2611,46.6556,0.27,93,96,5.1,light snow
452,Kytmanovo,RU,53.4593,85.4479,5.09,90,100,7.43,overcast clouds
453,Bonavista,CA,48.6499,-53.1147,28.0,68,79,12.66,broken clouds
454,Melbu,NO,68.5044,14.8297,28.4,63,75,12.66,light snow
455,Mende,FR,44.6667,3.5,36.48,100,100,13.8,overcast clouds
456,Boende,CD,-0.2167,20.8667,73.36,92,97,2.39,overcast clouds
457,Adeje,ES,28.1227,-16.726,64.4,72,40,3.44,scattered clouds
458,Savannah Bight,HN,16.45,-85.85,81.0,78,75,6.91,light rain
459,Strezhevoy,RU,60.7333,77.5889,-22.0,76,0,4.47,clear sky
460,Kerewan,GM,13.4898,-16.0888,71.6,60,0,2.3,clear sky
461,Filingue,NE,14.3521,3.3168,74.93,18,0,11.05,clear sky
462,Wajid,SO,3.8093,43.2471,81.79,57,100,23.15,overcast clouds
463,Camana,PE,-16.6228,-72.7111,75.69,64,55,9.1,broken clouds
464,Zaysan,KZ,47.4667,84.8667,24.66,97,100,2.17,overcast clouds
465,Coquimbo,CL,-29.9533,-71.3436,66.2,68,75,12.66,broken clouds
466,Pell City,US,33.5862,-86.2861,55.4,33,1,5.75,clear sky
467,Bardiyah,LY,31.7561,25.0865,53.02,57,0,4.83,clear sky
468,Joshimath,IN,30.5667,79.5667,40.15,35,0,9.53,clear sky
469,Matca,RO,45.85,27.5333,29.93,96,23,3.44,few clouds
470,Valente,BR,-11.4122,-39.4619,85.55,44,55,15.77,broken clouds
471,Jalu,LY,29.0331,21.5482,46.63,55,0,5.19,clear sky
472,Megion,RU,61.0296,76.1136,-22.0,76,0,4.47,clear sky
473,Birjand,IR,32.8663,59.2211,48.2,27,0,11.5,clear sky
474,Arucas,ES,28.1198,-15.5233,64.4,72,75,8.05,broken clouds
475,Port-Cartier,CA,50.0334,-66.8654,12.2,52,0,10.36,clear sky
476,Altoona,US,40.5187,-78.3947,28.99,63,67,4.0,broken clouds
477,Tysmenychany,UA,48.7717,24.6663,28.92,95,40,3.78,scattered clouds
478,Barsi,IN,18.2333,75.7,75.97,38,0,7.27,clear sky
479,Yanam,IN,16.7333,82.2167,64.76,91,0,2.3,clear sky
480,Miastko,PL,54.0028,16.9826,37.99,93,100,9.66,overcast clouds
481,Sioux Lookout,CA,50.1001,-91.917,17.6,86,90,11.5,snow
482,Qasigiannguit,GL,68.8193,-51.1922,24.8,68,75,1.14,broken clouds
483,Margate,GB,51.3813,1.3862,48.99,72,100,11.01,overcast clouds
484,Zilair,RU,52.2332,57.4392,-3.87,92,100,9.22,overcast clouds
485,Campos Novos,BR,-27.4017,-51.225,62.96,99,100,5.41,moderate rain
486,Shenkursk,RU,62.1091,42.896,-4.13,92,91,4.32,overcast clouds
487,Sur,OM,22.5667,59.5289,69.94,60,0,5.82,clear sky
488,Saint-Louis,SN,16.3333,-15.0,86.0,23,0,2.3,clear sky
489,Kasongo-Lunda,CD,-6.4667,16.8167,74.35,73,100,1.36,overcast clouds
490,Gornyak,RU,50.9942,81.4661,27.84,97,100,17.94,light snow
491,Ugoofaaru,MV,5.6667,73.0,81.61,69,3,5.28,clear sky
492,Fredericton,CA,45.9454,-66.6656,23.0,50,1,14.97,clear sky
493,Cockburn Town,TC,21.4612,-71.1419,80.6,65,40,9.22,scattered clouds
494,Casma,CL,-41.0082,-73.1244,82.4,44,0,12.66,clear sky
495,Karia,NG,11.7306,11.1629,67.98,25,0,12.71,clear sky
496,Uddevalla,SE,58.3478,11.9424,41.0,93,90,10.36,light rain
497,Mahajanga,MG,-15.7167,46.3167,77.0,94,40,17.27,heavy intensity rain
498,Mount Darwin,ZW,-16.7725,31.5838,68.22,91,100,1.68,overcast clouds
499,Maniitsoq,GL,65.4167,-52.9,29.7,91,12,10.33,few clouds
500,Mayor Pablo Lagerenza,PY,-19.9309,-60.7718,81.34,48,86,5.46,overcast clouds
501,Kenscoff,HT,18.4506,-72.2869,84.2,61,40,11.5,scattered clouds
502,Santa Maria,BR,-29.6842,-53.8069,82.4,65,75,18.41,broken clouds
503,Albany,US,42.6001,-73.9662,32.0,49,62,8.01,broken clouds
504,Sayan,PE,-11.1361,-77.1933,76.21,57,94,8.46,light rain
505,Deder,ET,9.3167,41.45,57.16,35,62,5.32,broken clouds
506,Aconibe,GQ,1.2968,10.9369,69.69,94,85,3.51,overcast clouds
507,Wajir,KE,1.7471,40.0573,87.33,22,100,12.66,overcast clouds
508,Waw,SS,7.7029,27.9953,73.56,19,1,5.84,clear sky
509,Havre-Saint-Pierre,CA,50.2334,-63.5986,6.8,72,90,16.11,overcast clouds
510,Rajpipla,IN,21.8667,73.5,67.42,35,0,1.25,clear sky
511,Pedernales,DO,18.0384,-71.744,81.99,62,22,7.87,few clouds
512,Kalmunai,LK,7.4167,81.8167,77.4,86,6,2.04,light rain
513,Escanaba,US,45.7453,-87.0646,23.0,68,1,16.11,clear sky
514,Istria,RO,44.5667,28.7167,34.0,75,0,12.66,clear sky
515,Rudbar,AF,30.15,62.6,59.77,32,34,7.87,scattered clouds
516,Inverness,GB,57.4791,-4.224,34.0,93,75,2.3,light snow
517,Punta De Piedra,VE,7.6176,-71.4916,89.82,42,86,4.7,overcast clouds
518,Develi,TR,38.3906,35.4922,15.8,86,0,4.61,clear sky
519,Velizh,RU,55.6056,31.1967,7.7,93,100,10.16,overcast clouds
520,Tyukhtet,RU,56.5389,89.3011,-22.86,85,1,4.7,clear sky
521,Ballina,AU,-28.8667,153.5667,66.2,94,75,5.75,broken clouds
522,Waddan,LY,29.1614,16.139,51.91,48,0,8.32,clear sky
523,Shieli,KZ,44.1667,66.75,36.07,83,100,7.49,moderate rain
524,Sumbe,AO,-11.2061,13.8437,76.19,80,75,7.81,broken clouds
525,Praia Da Vitoria,PT,38.7333,-27.0667,64.4,77,20,12.01,few clouds
526,Tessalit,ML,20.1986,1.0114,64.49,24,48,11.34,scattered clouds
527,San Lorenzo,PY,-25.3333,-57.5333,87.8,62,20,10.36,light rain
528,Coihaique,CL,-45.5752,-72.0662,68.0,64,75,10.36,light rain
529,Soyo,AO,-6.1349,12.3689,80.01,81,89,9.75,overcast clouds
530,Karasjok,NO,69.4719,25.5112,-7.6,84,0,2.3,clear sky
531,Sisimiut,GL,66.9395,-53.6735,27.14,86,74,5.7,broken clouds
532,Kulhudhuffushi,MV,6.6221,73.07,81.09,72,6,6.55,clear sky
533,Nadym,RU,65.5333,72.5167,-18.65,87,100,12.1,overcast clouds
534,La Seyne-Sur-Mer,FR,43.0982,5.8847,55.0,82,100,15.99,overcast clouds
535,Barranca,PE,-10.75,-77.7667,74.14,73,100,9.6,overcast clouds
536,Plettenberg Bay,ZA,-34.0527,23.3716,66.07,86,15,8.77,few clouds
537,Fomboni,KM,-12.28,43.7425,82.45,69,100,10.42,overcast clouds
538,Fussen,DE,47.8739,12.1695,30.0,86,100,7.09,overcast clouds
539,Katima Mulilo,NA,-17.5,24.2667,69.19,95,100,4.27,light rain
540,Odweyne,SO,9.4092,45.064,69.01,49,45,6.55,scattered clouds
541,Luena,AO,-11.7833,19.9167,69.53,67,100,1.36,overcast clouds
542,Ikalamavony,MG,-21.15,46.5833,72.07,80,97,8.05,overcast clouds
543,Asyut,EG,27.181,31.1837,50.0,76,0,8.05,clear sky
544,Kavaratti,IN,10.5669,72.642,82.18,69,0,7.45,clear sky
545,Birnin Kebbi,NG,12.4539,4.1975,74.1,19,0,11.01,clear sky
546,Graham,US,47.0529,-122.2943,44.6,87,90,4.61,overcast clouds
547,Lena,ES,43.1,-5.7333,55.4,67,40,10.36,scattered clouds
548,Gambela,ET,8.25,34.5833,83.26,32,45,1.95,scattered clouds
549,Cabedelo,BR,-6.9811,-34.8339,82.4,74,75,11.5,broken clouds
550,Skibbereen,IE,51.55,-9.2667,37.4,87,40,10.36,scattered clouds
551,Serdobsk,RU,52.4586,44.2169,-4.18,93,99,7.52,overcast clouds
552,Totskoye,RU,52.5248,52.7623,-7.53,90,91,5.93,overcast clouds
553,Hamilton,US,39.1834,-84.5333,37.99,41,1,3.44,clear sky
554,Shubarshi,KZ,48.5872,57.1869,4.37,94,100,5.95,overcast clouds
555,Paducah,US,37.0834,-88.6001,46.4,34,1,3.44,clear sky
556,Aanekoski,FI,62.6946,25.818,19.4,93,90,6.91,light snow
557,Thinadhoo,MV,0.5333,72.9333,82.17,73,34,7.25,scattered clouds
558,Yangambi,CD,0.8102,24.4336,70.93,91,4,2.51,clear sky
559,Mayumba,GA,-3.432,10.6554,79.7,83,100,4.81,overcast clouds
560,Cudahy,US,33.9606,-118.1853,77.0,25,1,4.43,clear sky
561,Hof,DE,50.3167,11.9167,39.2,65,0,11.5,clear sky
562,Bialystok,PL,53.1333,23.15,34.0,94,100,11.3,overcast clouds
563,Kolaras,IN,25.2333,77.6,56.68,38,0,3.49,clear sky
564,Sao Miguel Do Araguaia,BR,-13.275,-50.1628,87.01,67,96,4.12,overcast clouds
565,Parintins,BR,-2.6283,-56.7358,76.82,85,80,2.01,broken clouds
566,Semnan,IR,35.5729,53.3971,41.29,58,0,1.19,clear sky
567,Marawi,PH,7.9986,124.2928,73.99,95,100,4.0,overcast clouds
568,Saint-Michel-Des-Saints,CA,46.6834,-73.9159,14.0,92,100,8.23,overcast clouds
569,Sao Jose Da Coroa Grande,BR,-8.8978,-35.1478,79.88,74,100,11.32,overcast clouds
570,Butterworth,MY,5.3991,100.3638,79.0,88,20,2.3,few clouds
571,Grand Gaube,MU,-20.0064,57.6608,81.0,83,23,1.99,moderate rain
572,Tambopata,PE,-12.7333,-69.1833,87.8,51,20,3.44,few clouds
573,Ercis,TR,39.0287,43.3586,21.2,86,75,6.91,light snow
574,Mbandaka,CD,0.0487,18.2603,76.12,80,100,5.53,overcast clouds
575,Jaque,PA,7.5175,-78.1703,85.55,67,45,4.9,scattered clouds
576,Somoto,NI,13.4808,-86.5821,95.0,52,40,23.02,scattered clouds
577,Koygorodok,RU,60.445,50.9968,2.37,94,98,5.19,overcast clouds
578,Abu Dhabi,AE,24.4667,54.3667,66.2,88,0,2.3,clear sky
579,Rawah,IQ,34.4816,41.9093,43.38,66,0,27.65,clear sky
580,Methala,IN,10.2166,76.2166,78.8,89,20,2.42,haze
581,Radovis,MK,41.6383,22.4647,30.0,76,17,0.22,few clouds
582,Melioratorov,RU,57.2107,65.6077,-0.4,85,90,1.81,light snow
583,Ubinskoye,RU,55.3068,79.6802,-4.94,91,100,11.27,overcast clouds
584,Atar,MR,20.5169,-13.0499,68.97,20,100,11.23,overcast clouds
585,Cerrito,CO,6.8432,-72.694,80.6,57,40,8.05,scattered clouds
586,Samana,DO,19.2056,-69.3369,82.4,83,40,9.22,scattered clouds
587,Belmonte,BR,-15.8631,-38.8828,80.6,65,0,10.36,clear sky
588,Araouane,ML,18.9048,-3.5265,72.75,18,36,10.13,scattered clouds
589,Ulagan,RU,50.6321,87.9563,18.43,87,100,2.93,overcast clouds
590,Sakakah,SA,29.9697,40.2064,44.6,57,0,14.97,clear sky
591,Wundanyi,KE,-3.4019,38.364,65.39,78,52,4.34,broken clouds
592,Copiapo,CL,-27.3667,-70.3333,69.8,56,0,12.66,clear sky
593,Umm Lajj,SA,25.0213,37.2685,66.33,43,0,19.01,clear sky
594,Imbituba,BR,-28.24,-48.6703,69.8,94,75,13.8,broken clouds
595,Chapais,CA,49.7834,-74.8492,1.4,71,1,4.61,clear sky
596,Surgut,RU,61.25,73.4167,-18.4,76,0,8.95,clear sky
597,Qobustan,AZ,40.0824,49.412,37.4,81,90,20.71,overcast clouds
598,Chernoyerkovskaya,RU,45.4331,37.7686,14.0,73,31,8.95,scattered clouds
599,Cap-Aux-Meules,CA,47.3821,-61.8597,21.2,68,25,18.41,scattered clouds
600,Mikumi,TZ,-7.4041,36.9831,71.47,89,100,2.28,moderate rain
601,Bereda,ES,43.2686,-7.5406,52.0,99,95,8.99,overcast clouds
602,Lokoja,NG,7.8024,6.743,82.31,16,0,0.81,clear sky
603,Indiana,US,40.0003,-86.2503,35.01,51,1,13.8,clear sky
604,Port Hawkesbury,CA,45.6169,-61.3485,24.01,50,1,11.5,clear sky
605,Caraballeda,VE,10.6112,-66.8522,86.0,74,20,5.75,few clouds
606,Veraval,IN,20.9,70.3667,68.2,44,0,11.07,clear sky
607,Almeirim,BR,-1.5233,-52.5817,73.09,97,100,3.76,light rain
608,Mpika,ZM,-11.8343,31.4529,63.86,98,100,6.13,light rain
609,Taybad,IR,34.74,60.7756,53.1,38,100,15.88,overcast clouds
610,Matay,EG,28.419,30.7792,48.36,60,0,11.27,clear sky
611,Bongandanga,CD,1.5,21.05,74.79,79,65,3.67,broken clouds
612,Pimentel,PE,-6.8367,-79.9342,77.0,65,0,23.02,clear sky
613,Provins,FR,48.5833,3.1667,53.01,74,100,4.0,overcast clouds
614,Ravar,IR,31.2656,56.8055,53.35,35,23,6.78,few clouds
615,Khanskaya,RU,44.677,39.9616,17.49,94,9,3.24,clear sky
616,Putina,PE,-15.4667,-69.4333,53.4,64,61,17.4,broken clouds
617,Monteagudo,BO,-19.8167,-63.9833,86.0,30,40,6.91,scattered clouds
618,Garowe,SO,8.4054,48.4845,73.51,70,69,14.03,broken clouds
619,Visnes,NO,59.3556,5.2242,42.01,87,100,19.57,moderate rain
620,Mochudi,BW,-24.4167,26.15,77.0,47,0,6.91,clear sky
621,Miraflores,MX,19.2167,-98.8083,69.8,35,40,4.52,scattered clouds
622,Qovlar,AZ,40.948,45.735,32.0,69,40,11.5,scattered clouds
623,Iskateley,RU,67.6803,53.1512,-11.2,89,100,15.86,overcast clouds
624,Serenje,ZM,-13.2325,30.2352,62.96,98,100,4.65,overcast clouds
625,Baryshivka,UA,50.361,31.3217,12.2,79,40,8.95,scattered clouds
626,Loiza,PR,18.4313,-65.8802,82.4,69,40,16.11,scattered clouds
627,Barcelos,PT,41.5388,-8.6151,55.4,94,75,9.22,broken clouds
628,Dornoch,GB,57.8805,-4.0288,35.01,93,75,2.3,snow
629,Alekseyevka,RU,50.6309,38.6903,-2.06,91,0,4.38,clear sky
630,Ngaoundere,CM,7.3167,13.5833,64.33,28,36,4.25,scattered clouds
631,Caconda,AO,-13.7333,15.0667,60.98,52,43,6.53,scattered clouds
632,Abeche,TD,13.8292,20.8324,63.84,26,0,13.02,clear sky
633,Mamallapuram,IN,12.6264,80.1722,75.2,94,20,8.37,mist
634,Curico,CL,-34.9833,-71.2333,90.0,37,0,8.05,clear sky
635,Mahuva,IN,21.0914,71.7622,68.05,51,0,6.44,clear sky
636,Peto,MX,20.1333,-88.9167,82.96,54,71,4.61,broken clouds
637,Lexington-Fayette,US,38.0498,-84.4585,39.99,44,1,10.36,clear sky
638,San Andres,CO,12.5847,-81.7006,84.2,74,20,19.57,few clouds
639,Chabahar,IR,25.2919,60.643,69.12,70,0,2.68,clear sky
640,Kashi,CN,39.4547,75.9797,24.8,68,60,6.71,broken clouds
641,Pital,CO,2.2665,-75.8044,83.28,42,100,4.16,overcast clouds
642,Bonthe,SL,7.5264,-12.505,78.89,77,0,8.01,clear sky
643,Murmashi,RU,68.8154,32.8115,-7.6,84,75,2.24,fog
644,Oktyabrskiy,RU,54.4815,53.471,-5.22,90,100,7.85,overcast clouds
645,Gwanda,ZW,-20.9333,29.0,70.09,90,99,10.83,light rain
646,Ilhabela,BR,-23.7781,-45.3581,79.57,76,43,2.35,scattered clouds
647,Kardamaina,GR,36.7814,27.1425,46.4,57,20,2.3,few clouds
648,Sistranda,NO,63.7256,8.834,33.8,69,75,29.93,light snow
649,Presidencia Roque Saenz Pena,AR,-26.7852,-60.4388,91.99,42,3,4.0,clear sky
650,Kizema,RU,61.113,44.8302,-1.55,93,77,5.21,broken clouds
651,Syracuse,IT,37.0881,15.2792,53.6,87,40,6.91,scattered clouds
652,Antofagasta,CL,-23.65,-70.4,73.99,68,20,17.27,few clouds
653,Sabha,LY,27.0377,14.4283,49.28,50,0,6.76,clear sky
654,Probistip,MK,42.0031,22.1786,24.8,86,0,1.23,clear sky
655,Casablanca,MA,33.5928,-7.6192,59.0,88,90,11.5,overcast clouds
656,Urengoy,RU,65.9667,78.3667,-34.67,84,0,3.0,clear sky
657,Diamantino,BR,-14.4086,-56.4461,83.1,75,84,5.1,moderate rain
658,Acari,PE,-15.4311,-74.6158,82.11,47,54,10.69,broken clouds
659,Nioro,GM,13.35,-15.75,83.77,13,36,7.09,scattered clouds
660,Bubaque,GW,11.2833,-15.8333,78.53,73,80,12.44,broken clouds
661,Goderich,CA,43.7501,-81.7165,23.0,63,100,13.8,overcast clouds
662,Ondangwa,NA,-17.9167,15.95,75.2,83,100,2.3,overcast clouds
663,Saint-Francois,FR,46.4154,3.9054,53.6,54,0,21.85,clear sky
664,Mtwara,TZ,-10.2667,40.1833,80.6,89,40,17.27,scattered clouds
665,Skjervoy,NO,70.0311,20.9714,17.6,67,75,5.75,broken clouds
666,Bhanpura,IN,24.513,75.7469,63.66,38,0,3.85,clear sky
667,Kashan,IR,33.9831,51.4364,48.29,48,8,3.51,clear sky
668,Mercedes,AR,-34.6515,-59.4307,91.99,31,0,3.0,clear sky
669,Kathmandu,NP,27.7167,85.3167,44.6,87,20,3.44,mist
670,Sibenik,HR,43.7272,15.9058,50.0,76,75,5.75,broken clouds
671,La Roda,ES,39.2167,-2.15,44.6,87,90,5.75,overcast clouds
672,Marystown,CA,47.1666,-55.1483,25.92,93,100,27.0,overcast clouds
673,Truro,GB,50.2653,-5.0544,41.0,93,90,24.16,drizzle
